EAST;NORTH;RL;JOIN
0.041793;-0.081094;10.000000;1
2.030944;1.951299;10.000000;1
6.095731;2.945874;10.000000;1
10.203760;1.908057;10.000000;1
12.019941;-2.113488;10.000000;1
10.030790;-4.102639;10.000000;1
3.976853;-3.540487;10.000000;1
0.820157;-2.027003;10.000000;1
0.041793;-0.081094;10.000000;1
4.236307;0.221603;0.000000;2
4.279550;-1.681064;0.000000;2
6.009246;-2.589154;0.000000;2
9.598366;-1.940518;0.000000;2
8.301094;0.437815;0.000000;2
4.236307;0.221603;0.000000;2
